{"cameraMode":{"drawMode":0,"name":"Shaded","section":"Shading Mode"},"sceneLighting":false,"audioPlay":false,"sceneViewState":{"m_AlwaysRefresh":false,"showFog":true,"showSkybox":true,"showFlares":true,"showImageEffects":true,"showParticleSystems":true,"showVisualEffectGraphs":true,"m_FxEnabled":true},"in2DMode":false,"pivot":{"x":14.312030792236329,"y":3.2581939697265627,"z":-49.08231735229492},"rotation":{"x":-0.10809848457574845,"y":-0.8910600543022156,"z":0.29035142064094546,"w":-0.33174243569374087},"size":44.16529083251953,"orthographic":false}