{"cameraMode":{"drawMode":0,"name":"Shaded","section":"Shading Mode"},"sceneLighting":false,"audioPlay":false,"sceneViewState":{"m_AlwaysRefresh":false,"showFog":true,"showSkybox":false,"showFlares":true,"showImageEffects":true,"showParticleSystems":true,"showVisualEffectGraphs":true,"m_FxEnabled":true},"in2DMode":false,"pivot":{"x":2.599724292755127,"y":0.751886785030365,"z":-0.7843139171600342},"rotation":{"x":-0.019754158332943918,"y":-0.8915817141532898,"z":0.45065242052078249,"w":-0.03908080980181694},"size":3.3263604640960695,"orthographic":false}